costKm,Beneficis,executionTime
2,97318,0.656995309
4,95020,0.458579637
8,91332,0.398865759
16,84552,0.422584623
32,70532,0.383543638
64,49668,0.314443465
128,23900,0.189781504
256,-760,0.108792685
512,-29728,0.065206617
